{
  "benchmark_type": "entity",
  "model_name": "Qwen3-8B",
  "samples_evaluated": 2049,
  "metrics": {
    "accuracy": 0.6203025866276233,
    "precision": 0.5726256983240223,
    "recall": 0.98747591522158,
    "f1": 0.7248939179632249,
    "roc_auc": 0.6153996786790392,
    "matthews_corrcoef": 0.347242162548714
  }
}