{
  "benchmark_type": "entity",
  "model_name": "Qwen2.5-7B-Instruct",
  "samples_evaluated": 2049,
  "metrics": {
    "accuracy": 0.6281112737920937,
    "precision": 0.576837416481069,
    "recall": 0.9980732177263969,
    "f1": 0.7311220889202541,
    "roc_auc": 0.6231711291401519,
    "matthews_corrcoef": 0.37436888519994344
  }
}