{
  "benchmark_type": "summary",
  "model_name": "Qwen2.5-7B-Instruct",
  "samples_evaluated": 4245,
  "metrics": {
    "accuracy": 0.6303886925795052,
    "precision": 0.6942924159499609,
    "recall": 0.4298160696999032,
    "f1": 0.5309417040358745,
    "matthews_corrcoef": 0.27275049965691633
  }
}