{
  "benchmark_type": "structured",
  "model_name": "Qwen3-4B-Instruct-2507",
  "samples_evaluated": 2387,
  "metrics": {
    "accuracy": 0.6556346878927524,
    "precision": 0.6220258327668253,
    "recall": 0.7747671464860287,
    "f1": 0.6900452488687783,
    "roc_auc": 0.6568694770572764,
    "matthews_corrcoef": 0.32256182971981184
  }
}