{
  "benchmark_type": "summary",
  "model_name": "Qwen3-4B-Instruct-2507",
  "samples_evaluated": 4245,
  "metrics": {
    "accuracy": 0.6270906949352179,
    "precision": 0.646274984857662,
    "recall": 0.5164569215876089,
    "f1": 0.574118913101964,
    "matthews_corrcoef": 0.25472049459211554
  }
}